2026-08-05T07:14:12Z	claim	program=early-career-boost
2026-08-05T07:27:54Z	scaffold	scaffold copied; design.md authored (concept: one board — scraps re-sort into 3 columns and empty upward into ONE dashed statement strip)
2026-08-05T07:27:54Z	manifest	audio_request.json: 29 beats, one per script sentence, verbatim
2026-08-05T07:40:26Z	synth	HeyGen Oxana, 29 clips, 122.07s voice; timing.json computed, total 141.489s; pace 12.3 bpm median 4.18s
2026-08-05T07:40:26Z	author	index.html + compositions/board.html authored; static preflight PASS
2026-08-05T07:48:32Z	preflight	exit 1
2026-08-05T07:50:42Z	preflight	exit 0 — gate-clean
2026-08-05T07:51:30Z	preflight	exit 0 — gate-clean
2026-08-05T07:54:11Z	preflight	exit 0 — gate-clean
2026-08-05T07:55:15Z	gate	preflight PASS + npm run check PASS; 29 stills, ink 0/0/0, pace 12.3bpm median 4.18s churn 3.61%, layout 69 samples clean
2026-08-05T07:55:15Z	release	gate-clean, unrendered, unpublished
2026-08-05T08:06:02Z	resume	program=early-career-boost
2026-08-05T08:14:33Z	preflight	exit 0 — gate-clean
