2026-08-07T21:14:31Z	resume	program=entrepreneur-accelerator
2026-08-07T21:17:31Z	release	build session ended
2026-08-08T16:03:09Z	resume	program=entrepreneur-accelerator
2026-08-08T16:04:47Z	blocker	static pace gate requires splitting 8 cached narration beats: 4.22 beats/min, 15.12s median, 89% long-beat share; resynthesis prohibited by resume policy
2026-08-08T16:04:51Z	release	build session ended
2026-08-08T16:16:04Z	resume	program=entrepreneur-accelerator
2026-08-08T16:27:35Z	preflight	exit 1
2026-08-08T16:28:55Z	preflight	exit 1
2026-08-08T16:30:17Z	preflight	exit 0 — gate-clean
2026-08-08T16:30:36Z	visual-review	PASS_ALIVE_PROCEED revision=8393f8a904e7b84053c6a937212937e600aec4fa05419d4930c84cc19cc2198f
2026-08-08T16:30:41Z	release	build session ended
2026-08-09T22:58:57Z	preflight	exit 0 — gate-clean
