2026-08-05T07:14:03Z	claim	program=early-career-boost
2026-08-05T07:21:32Z	plan	design.md + 35-beat manifest; script_match 0.00%, continuity PASS
2026-08-05T07:42:57Z	author	index.html + compositions/wall.html; static preflight PASS
2026-08-05T07:49:04Z	preflight	exit 1
2026-08-05T07:51:56Z	preflight	exit 1
2026-08-05T08:08:16Z	preflight	exit 0 — gate-clean
2026-08-05T08:08:25Z	gate	preflight exit 0; pace 10.56 bpm / churn 5.45%
2026-08-05T23:11:28Z	preflight	exit 1
2026-08-05T23:12:07Z	preflight	exit 0 — gate-clean
2026-08-05T23:12:44Z	release	build session ended
2026-08-05T23:28:51Z	resume	program=early-career-boost
2026-08-05T23:28:56Z	concept	The Opening Map selected from two scored lenses
2026-08-05T23:36:23Z	authored	fresh monolithic 28-beat opening-map composition; exact narration preserved
2026-08-05T23:42:31Z	preflight	exit 1
2026-08-05T23:43:19Z	preflight	exit 1
2026-08-05T23:45:18Z	preflight	exit 0 — gate-clean
2026-08-05T23:45:27Z	gate	PASS: 28 frames and 68 layout samples
2026-08-05T23:45:27Z	release	build session ended
