2026-08-07T03:25:04Z	preflight	exit 1
2026-08-07T15:59:45Z	resume	program=mid-career-momentum
2026-08-07T16:01:47Z	timing	preserved existing HeyGen narration; applied timing.json (127.659s)
2026-08-07T16:02:59Z	preflight	exit 1
2026-08-07T16:03:37Z	preflight	exit 1
2026-08-07T16:13:14Z	preflight	exit 1
2026-08-07T16:14:48Z	preflight	exit 1
2026-08-07T16:19:26Z	preflight	exit 1
2026-08-07T16:20:21Z	preflight	exit 1
2026-08-07T16:21:04Z	preflight	exit 0 — gate-clean
2026-08-07T16:21:24Z	gate	PASS: 21 beats, 136.759s, preserved HeyGen narration, carrier churn 5.89%
2026-08-07T16:21:24Z	release	build session ended
2026-08-07T19:29:29Z	resume	program=mid-career-momentum
2026-08-07T19:30:55Z	preflight	exit 1
2026-08-07T19:31:34Z	preflight	exit 0 — gate-clean
2026-08-07T19:31:42Z	release	build session ended
2026-08-07T19:36:30Z	resume	program=mid-career-momentum
2026-08-07T19:40:37Z	preflight	exit 1
2026-08-07T19:42:01Z	preflight	exit 1
2026-08-07T19:44:01Z	preflight	exit 1
2026-08-07T19:49:25Z	preflight	exit 0 — gate-clean
2026-08-07T19:49:38Z	release	build session ended
2026-08-07T20:02:40Z	resume	program=mid-career-momentum
2026-08-07T20:09:40Z	preflight	exit 1
2026-08-07T20:14:04Z	preflight	exit 0 — gate-clean
2026-08-07T20:14:09Z	release	build session ended
2026-08-07T20:24:39Z	resume	program=mid-career-momentum
2026-08-07T20:31:18Z	preflight	exit 1
2026-08-07T20:33:47Z	preflight	exit 0 — gate-clean
2026-08-07T20:37:32Z	preflight	exit 0 — gate-clean
2026-08-07T20:42:49Z	preflight	exit 1
2026-08-07T20:45:21Z	preflight	exit 0 — gate-clean
2026-08-07T20:45:41Z	illustration-rework	cumulative gold dot now travels the rising route; scene counters removed from rendered chrome; gate PASS
2026-08-07T20:45:49Z	release	build session ended
2026-08-10T18:49:19Z	resume	program=mid-career-momentum
2026-08-10T19:12:59Z	preflight	exit 1
2026-08-10T19:31:44Z	preflight	exit 1
2026-08-10T19:33:53Z	preflight	exit 1
2026-08-10T19:36:15Z	preflight	exit 1
2026-08-10T19:39:35Z	preflight	exit 1
2026-08-10T19:42:39Z	preflight	exit 0 — gate-clean
2026-08-10T19:53:46Z	preflight	exit 1
2026-08-10T20:00:58Z	preflight	exit 1
2026-08-10T20:03:38Z	preflight	exit 1
2026-08-10T20:05:51Z	preflight	exit 0 — gate-clean
2026-08-10T20:08:10Z	owner-feedback-revision	persistent momentum map plus causal beat sketches; explanatory carrier; full gate and visual review clean
2026-08-10T20:08:16Z	release	build session ended
2026-08-10T20:17:21Z	resume	program=mid-career-momentum
2026-08-10T20:21:55Z	preflight	exit 1
2026-08-10T20:23:39Z	preflight	exit 1
2026-08-10T20:25:58Z	preflight	exit 0 — gate-clean
2026-08-10T20:26:10Z	gate-clean	visual rebuild from scratch passed full deterministic gate
2026-08-10T20:26:10Z	release	build session ended
