2026-08-07T20:53:22Z	resume	program=mid-career-momentum
2026-08-07T20:55:33Z	release	build session ended
2026-08-07T21:21:31Z	resume	program=mid-career-momentum
2026-08-07T21:28:27Z	preflight	exit 1
2026-08-07T21:28:51Z	release	build session ended
2026-08-08T05:05:30Z	resume	program=mid-career-momentum
2026-08-08T16:03:36Z	resume	program=mid-career-momentum
2026-08-08T16:04:51Z	preflight	exit 1
2026-08-08T16:05:52Z	blocker	gate requires beat splitting and narration resynthesis; AUTO-BATCH resume preserves cached narration
2026-08-08T16:05:52Z	release	build session ended
2026-08-08T16:15:21Z	resume	program=mid-career-momentum
2026-08-08T16:26:12Z	preflight	exit 1
2026-08-08T16:28:33Z	preflight	exit 1
2026-08-08T16:30:34Z	preflight	exit 0 — gate-clean
2026-08-08T16:31:06Z	release	build session ended
2026-08-09T22:42:42Z	resume	program=mid-career-momentum
2026-08-09T22:46:59Z	preflight	exit 1
2026-08-09T22:50:02Z	preflight	exit 1
2026-08-09T22:54:10Z	preflight	exit 1
2026-08-09T22:57:39Z	preflight	exit 0 — gate-clean
2026-08-09T23:04:52Z	owner-feedback-revision	Implemented owner-directed visual revision; full gate and refreshed visual review PASS.
2026-08-09T23:04:52Z	release	build session ended
2026-08-10T19:25:23Z	resume	program=mid-career-momentum
2026-08-10T19:29:35Z	authoring	selected Contribution Spotlight; rebuilt full-stage action-to-audience consequence system
2026-08-10T19:30:59Z	preflight	exit 1
2026-08-10T19:32:17Z	gate-fix	removed overlap and heading punctuation; reflowed four-action consequences; expanded full-stage structure and semantic reveal coverage
2026-08-10T19:33:43Z	preflight	exit 1
2026-08-10T19:34:16Z	gate-fix	kept the complete cause-effect carrier visible at low emphasis while sequencing active elements; closed long semantic-motion gaps
2026-08-10T19:35:42Z	preflight	exit 1
2026-08-10T19:36:24Z	gate-fix	removed stale workspace-local derived snapshots so geometry grades the rebuilt source
2026-08-10T19:37:38Z	preflight	exit 1
2026-08-10T19:38:54Z	snapshots	captured 17 fresh midpoint stills from rebuilt source with pinned HyperFrames 0.7.79
2026-08-10T19:40:39Z	preflight	exit 1
2026-08-10T19:45:06Z	carrier-redesign	reframed all 17 beats inside one persistent full-stage Contribution-Action-Consequence field
2026-08-10T19:46:20Z	preflight	exit 1
2026-08-10T19:48:13Z	gate-fix	locked the visual thesis heading across beats and kept list emphasis within its text container
2026-08-10T19:49:36Z	preflight	exit 1
2026-08-10T19:50:47Z	gate-fix	stabilized frame labels and expanded four-action list line boxes
2026-08-10T19:52:11Z	preflight	exit 1
2026-08-10T19:53:22Z	gate-fix	stabilized the persistent carrier center labels while retaining beat-specific evidence and response
2026-08-10T19:54:45Z	preflight	exit 1
2026-08-10T19:55:44Z	gate-fix	removed redundant secondary panel sentences to preserve the carrier and one clear hierarchy
2026-08-10T19:56:59Z	preflight	exit 0 — gate-clean
2026-08-10T19:57:12Z	gate-pass	durable gate PASS; persistent carrier churn 4.98%; 17 beats and 57 layout samples clean
2026-08-10T19:57:12Z	release	build session ended
