2026-08-07T20:34:45Z	resume	program=mid-career-momentum
2026-08-07T20:38:13Z	release	build session ended
2026-08-07T20:45:56Z	resume	program=mid-career-momentum
2026-08-07T20:58:44Z	preflight	exit 1
2026-08-07T21:03:13Z	preflight	exit 0 — gate-clean
2026-08-07T21:03:59Z	release	build session ended
2026-08-07T21:40:28Z	resume	program=mid-career-momentum
2026-08-07T21:58:15Z	preflight	exit 1
2026-08-07T22:06:01Z	preflight	exit 0 — gate-clean
2026-08-07T22:06:59Z	release	build session ended
2026-08-10T18:59:59Z	resume	program=mid-career-momentum
2026-08-10T19:08:57Z	authoring	Signal Lens redesign; 16 visual scenes over 37 timed audio units; static preflight PASS
2026-08-10T19:12:13Z	preflight	exit 1
2026-08-10T19:13:12Z	preflight	exit 1
2026-08-10T19:14:09Z	preflight	exit 1
2026-08-10T19:16:45Z	preflight	exit 1
2026-08-10T19:19:01Z	preflight	exit 0 — gate-clean
2026-08-10T19:19:14Z	gate-clean	Signal Lens redesign durable gate PASS
2026-08-10T19:19:14Z	release	build session ended
2026-08-10T23:52:52Z	resume	program=mid-career-momentum
2026-08-10T23:54:05Z	owner-feedback-revision	removed forbidden progress chrome and false control affordance; expanded composition into 15 evolving full-frame scenes
2026-08-10T23:55:51Z	preflight	exit 0 — gate-clean
2026-08-10T23:56:38Z	preflight	exit 0 — gate-clean
2026-08-11T00:00:17Z	release	build session ended
2026-08-11T00:20:28Z	resume	program=mid-career-momentum
2026-08-11T00:24:39Z	preflight	exit 1
2026-08-11T00:25:27Z	preflight	exit 1
2026-08-11T00:27:43Z	owner-feedback-revision	corrected résumé pronunciation cues and enlarged the Next Move Statement north star
2026-08-11T00:27:43Z	release	build session ended
2026-08-11T00:40:39Z	resume	program=mid-career-momentum
2026-08-11T00:41:30Z	release	build session ended
2026-08-11T00:41:35Z	resume	program=mid-career-momentum
2026-08-11T00:42:41Z	preflight	exit 1
2026-08-11T00:43:07Z	owner-feedback-revision	widened the North Star graphic so the Next Move Statement fits within it
2026-08-11T00:43:07Z	release	build session ended
2026-08-11T02:25:43Z	resume	program=mid-career-momentum
2026-08-11T02:28:17Z	preflight	exit 1
2026-08-11T02:39:14Z	preflight	exit 1
2026-08-11T02:42:16Z	preflight	exit 1
2026-08-11T02:51:02Z	preflight	exit 0 — gate-clean
2026-08-11T02:51:13Z	release	build session ended
2026-08-11T03:03:16Z	resume	program=mid-career-momentum
2026-08-11T03:03:44Z	revise	b23-b25: keep PAST TASKS hidden until its narrated beat, then reveal it at subordinate opacity instead of brightening it to full emphasis
2026-08-11T03:06:12Z	preflight	exit 0 — gate-clean
2026-08-11T03:06:47Z	release	build session ended
2026-08-11T07:05:16Z	resume	program=mid-career-momentum
2026-08-11T07:09:35Z	concept	Owner-feedback rebuild: removed persistent side/footer panels; native-scale center signal lens; established 92px headline, 54px subhead, 42px body, 22px label hierarchy
2026-08-11T07:09:35Z	preflight	Static preflight PASS on native-scale center-only composition and NFC résumé pronunciation manifest
2026-08-11T07:21:16Z	tts	PASS: pinned HeyGen voice regenerated as two continuous chunks; 11 résumé-bearing beats use NFC-accented noun spelling and carry native word timestamps
2026-08-11T07:21:16Z	timing	PASS: plan_timing.py computed 37 beats over 241.981s from current regenerated audio
2026-08-11T07:24:18Z	preflight	exit 1
2026-08-11T07:31:19Z	preflight	exit 1
2026-08-11T07:34:27Z	preflight	exit 1
2026-08-11T07:39:37Z	preflight	exit 1
2026-08-11T07:42:39Z	preflight	exit 1
2026-08-11T07:48:41Z	preflight	exit 1
2026-08-11T07:51:17Z	preflight	exit 0 — gate-clean
2026-08-11T07:54:48Z	preflight	exit 0 — gate-clean
2026-08-11T07:55:01Z	gate	PASS: native-scale center-only rebuild, regenerated 37 current-source screenshots, all deterministic checks green
2026-08-11T07:55:10Z	release	build session ended
