2026-08-06T19:01:12Z	claim	program=mid-career-momentum
2026-08-06T19:07:16Z	authored	PASS
2026-08-06T19:07:26Z	static-preflight	PASS
2026-08-06T19:08:26Z	audio	FAIL
2026-08-06T19:08:42Z	preflight	exit 1
2026-08-06T19:08:50Z	timing	FAIL
2026-08-06T19:08:51Z	gate	FAIL
2026-08-06T19:08:56Z	release	build session ended
2026-08-06T19:09:20Z	resume	program=mid-career-momentum
2026-08-06T19:09:52Z	release	build session ended
2026-08-06T23:13:25Z	resume	program=mid-career-momentum
2026-08-06T23:41:51Z	resume	program=mid-career-momentum
2026-08-07T00:16:43Z	authoring	re-split manifest 12->27 beats (provably max legal under blip+continuity); rewrote index.html as freeform HyperFrames source; static preflight exit 0
2026-08-07T00:20:40Z	preflight	exit 1
2026-08-07T00:28:20Z	preflight	exit 1
2026-08-07T00:29:35Z	synthesis	27-beat narration synthesized (heygen, 1 continuous request, 189.9s); plan_timing -> 196.797s
2026-08-07T00:29:35Z	gate-blocked	boundaries FAIL b07/b12/b16: provider word-end timestamps overrun audible audio by 0.48-0.60s; every clip holds the full 0.08s GUARD_TAIL so no word is acoustically cut. Avoiding those sentence ends caps the build at 26 beats = 7.94 bpm, under check_pace's 8.0 floor. Owner/pipeline call.
2026-08-07T00:29:46Z	release	build session ended
