2026-08-06T23:13:12Z	resume	program=mid-career-momentum
2026-08-06T23:16:48Z	preflight	exit 1
2026-08-06T23:41:39Z	resume	program=mid-career-momentum
2026-08-06T23:43:06Z	preflight	exit 1
2026-08-06T23:44:28Z	preflight	exit 1
2026-08-06T23:52:30Z	gate-read	preflight exit 1: pace FAIL (6 beats, 3.59 bpm, median 17.0s, 100% long-beat share, churn 15.43%) + ink footer-breach on all 7 stills
2026-08-07T00:04:30Z	preflight	exit 1
2026-08-07T00:08:29Z	preflight	exit 1
2026-08-07T00:12:42Z	preflight	exit 1
2026-08-07T00:18:41Z	preflight	exit 0 — gate-clean
2026-08-07T00:19:26Z	recompose	split 6 beats -> 17 sentence beats; re-synthesized narration (1 provider request); re-authored composition as 6 accumulating acts on one persistent route; footer clear of the 960px reserve
2026-08-07T00:19:26Z	snapshots	17 stills at settled beat points; ink 0/0/0, carrier drift 4.71%
2026-08-07T00:19:26Z	release	build session ended
2026-08-07T00:55:23Z	resume	program=mid-career-momentum
2026-08-07T00:57:19Z	preflight	exit 1
2026-08-07T00:59:46Z	preflight	exit 0 — gate-clean
2026-08-07T00:59:53Z	gate	PASS after wiring 17 existing narration clips
2026-08-07T00:59:54Z	release	build session ended
