2026-08-07T15:59:50Z	resume	program=mid-career-momentum
2026-08-07T16:00:07Z	preflight	static PASS; 15 beats; script match 525/525
2026-08-07T16:02:43Z	tts	production HeyGen narration synthesized; 15 clips; 193.672s continuous voice
2026-08-07T16:05:08Z	timing	plan_timing PASS; 15 beats; 198.709s applied verbatim
2026-08-07T16:06:19Z	preflight	exit 1
2026-08-07T16:10:07Z	preflight	static PASS after 36-beat pace correction; script match 525/525
2026-08-07T16:10:20Z	tts	production narration mapped to corrected 36-beat manifest; 193.672s
2026-08-07T16:11:26Z	timing	plan_timing PASS; 36 beats; 207.338s applied verbatim with per-beat audio
2026-08-07T16:12:39Z	preflight	exit 1
2026-08-07T16:15:20Z	preflight	exit 1
2026-08-07T16:17:49Z	preflight	exit 0 — gate-clean
2026-08-07T16:17:56Z	gate	PASS; 36 beats; 207.338s; pace 10.42 beats/min; carrier churn 5.79%; geometry/layout PASS
2026-08-07T16:17:56Z	release	build session ended
2026-08-07T19:33:01Z	resume	program=mid-career-momentum
2026-08-07T19:34:34Z	preflight	exit 0 — gate-clean
2026-08-07T19:34:40Z	release	build session ended
2026-08-07T20:16:36Z	resume	program=mid-career-momentum
2026-08-07T20:28:38Z	preflight	exit 1
2026-08-07T20:37:29Z	preflight	exit 1
2026-08-07T20:45:42Z	preflight	exit 0 — gate-clean
2026-08-07T20:45:46Z	release	build session ended
2026-08-07T21:12:07Z	resume	program=mid-career-momentum
2026-08-07T21:26:57Z	preflight	exit 1
2026-08-07T21:36:27Z	preflight	exit 1
2026-08-07T21:46:59Z	preflight	exit 1
2026-08-07T21:47:36Z	resume	program=mid-career-momentum
2026-08-07T21:49:14Z	preflight	exit 0 — gate-clean
2026-08-07T21:49:30Z	release	build session ended
2026-08-07T21:49:49Z	preflight	exit 0 — gate-clean
2026-08-07T21:50:13Z	release	build session ended
2026-08-10T19:27:56Z	resume	program=mid-career-momentum
2026-08-10T19:34:37Z	concept	selected Human Direction Engine (19/20) over Scarcity Shift Field (18/20)
2026-08-10T19:34:37Z	author	replaced scene resets with one persistent AI execution to human direction to higher-value-work engine across 36 timed clips
2026-08-10T19:37:12Z	preflight	exit 1
2026-08-10T19:38:10Z	revise	tightened task/core text boxes and removed redundant base label after layout inspection
2026-08-10T19:40:19Z	preflight	exit 1
2026-08-10T19:40:51Z	revise	removed container-scale entrance so text boxes retain exact layout geometry during the opening sample
2026-08-10T19:42:49Z	preflight	exit 1
2026-08-10T19:43:12Z	revise	removed zone translation so nested text retains fixed geometry during opening establishment
2026-08-10T19:44:58Z	preflight	exit 1
2026-08-10T19:46:41Z	revise	shortened intrinsic task/core labels and gave their text boxes explicit geometry
2026-08-10T19:48:20Z	preflight	exit 0 — gate-clean
2026-08-10T19:48:30Z	gate	PASS: durable gate green; carrier churn 2.67%; 36/36 midpoint frames; layout, fit, motion, and geometry clean
2026-08-10T19:48:30Z	release	build session ended
2026-08-11T00:08:47Z	resume	program=mid-career-momentum
2026-08-11T00:13:00Z	preflight	exit 1
2026-08-11T00:22:23Z	preflight	exit 0 — gate-clean
2026-08-11T00:22:35Z	release	build session ended
2026-08-11T01:47:06Z	resume	program=mid-career-momentum
2026-08-11T01:55:08Z	preflight	exit 0 — gate-clean
2026-08-11T01:58:09Z	preflight	exit 0 — gate-clean
2026-08-11T01:58:54Z	design	replaced detached spotlight overlays with element-bound focus rings; bounded and enlarged Higher-Value flex panel
2026-08-11T01:58:54Z	preflight	PASS source_revision=a8c4ed767f2bdacc990d65cd159105df476725a5ec1820cf930003f23646eb03; refreshed 36 current-source snapshots
2026-08-11T01:59:03Z	release	build session ended
2026-08-11T02:12:19Z	resume	program=mid-career-momentum
2026-08-11T02:15:59Z	revise	added authored_by and element-bound, narration-synced focus progression for Repositioning Path and worked example; preserved current timing, spotlight ownership, and Worth More containment
2026-08-11T02:17:54Z	preflight	exit 0 — gate-clean
2026-08-11T02:18:50Z	preflight	PASS source_revision=a42f2d433b3f1c9ae5a2136fd41b9ef456453fe322bf4028a0047a68a7946614; refreshed 36 current-source screenshots with narration-synced path and example focus states
2026-08-11T02:18:50Z	release	build session ended
